datetime,respond_timestamp,quote,Pred_Signal,buy_power,accuracy
2022-04-20 09:32,2022-04-20 09:32,1029.53,0,39.5,0.7056277056277056
2022-04-20 09:33,2022-04-20 09:33,1026.9399,0,39.5,0.7099567099567099
2022-04-20 09:34,2022-04-20 09:34,1025.6,-1,39.5,0.7056277056277056
2022-04-20 09:35,2022-04-20 09:35,1028.5699,1,39.5,0.7025862068965517
2022-04-20 09:36,2022-04-20 09:36,1022.34,0,39.5,0.7025862068965517
2022-04-20 09:37,2022-04-20 09:37,1021.49,-1,39.5,0.6982758620689655
2022-04-20 09:38,2022-04-20 09:38,1021.44,-1,39.5,0.6810344827586207
2022-04-20 09:39,2022-04-20 09:39,1024.0,1,39.5,0.6939655172413793
2022-04-20 09:40,2022-04-20 09:40,1019.29,-1,39.5,0.6995708154506438
2022-04-20 09:41,2022-04-20 09:41,1021.71,1,39.5,0.6995708154506438
2022-04-20 09:42,2022-04-20 09:42,1019.84,1,39.5,0.703862660944206
2022-04-20 09:43,2022-04-20 09:43,1017.23,0,39.5,0.7081545064377682
2022-04-20 09:44,2022-04-20 09:44,1016.48,-1,39.5,0.7167381974248928
2022-04-20 09:45,2022-04-20 09:45,1016.85,0,39.5,0.7222222222222222
2022-04-20 09:46,2022-04-20 09:46,1016.53,-1,39.5,0.7222222222222222
2022-04-20 09:47,2022-04-20 09:47,1017.97,-1,39.5,0.7222222222222222
2022-04-20 09:48,2022-04-20 09:48,1018.95,0,39.5,0.6923076923076923
2022-04-20 09:49,2022-04-20 09:49,1013.47,0,39.5,0.7393162393162394
2022-04-20 09:50,2022-04-20 09:50,1015.46,-1,39.5,0.7446808510638298
2022-04-20 09:51,2022-04-20 09:51,1016.0,-1,39.5,0.7361702127659574
2022-04-20 09:52,2022-04-20 09:52,1010.75,-1,39.5,0.7361702127659574
2022-04-20 09:53,2022-04-20 09:53,1008.57,0,39.5,0.7063829787234043
2022-04-20 09:54,2022-04-20 09:54,1008.17,-1,39.5,0.7404255319148936
2022-04-20 09:55,2022-04-20 09:55,1007.6,-1,39.5,0.7372881355932204
2022-04-20 09:56,2022-04-20 09:56,1006.86,-1,39.5,0.7372881355932204
2022-04-20 09:57,2022-04-20 09:57,1006.22,-1,39.5,0.7330508474576272
2022-04-20 09:58,2022-04-20 09:58,1003.92,-1,39.5,0.7033898305084746
2022-04-20 09:59,2022-04-20 09:59,1003.47,1,39.5,0.7245762711864406
2022-04-20 10:00,2022-04-20 10:00,1002.49,-1,39.5,0.7215189873417721
2022-04-20 10:01,2022-04-20 10:01,1002.26,-1,39.5,0.7215189873417721
2022-04-20 10:02,2022-04-20 10:02,999.5,-1,39.5,0.7341772151898734
2022-04-20 10:03,2022-04-20 10:03,1000.5,-1,39.5,0.729957805907173
2022-04-20 10:04,2022-04-20 10:04,1001.77,-1,39.5,0.729957805907173
2022-04-20 10:05,2022-04-20 10:05,997.64,-1,39.5,0.726890756302521
2022-04-20 10:06,2022-04-20 10:06,992.45,-1,39.5,0.7226890756302521
2022-04-20 10:07,2022-04-20 10:07,994.55,-1,39.5,0.7226890756302521
2022-04-20 10:08,2022-04-20 10:08,995.5,-1,39.5,0.7352941176470589
2022-04-20 10:09,2022-04-20 10:09,997.29,-1,39.5,0.7310924369747899
2022-04-20 10:10,2022-04-20 10:10,999.24,-1,39.5,0.7364016736401674
2022-04-20 10:11,2022-04-20 10:11,998.41,-1,39.5,0.7280334728033473
2022-04-20 10:12,2022-04-20 10:12,1000.0,0,39.5,0.7322175732217573
2022-04-20 10:13,2022-04-20 10:13,1002.0,0,39.5,0.7364016736401674
2022-04-20 10:14,2022-04-20 10:14,1001.18,0,39.5,0.7322175732217573
2022-04-20 10:15,2022-04-20 10:15,1002.99,0,39.5,0.7333333333333333
2022-04-20 10:16,2022-04-20 10:16,1002.0,0,39.5,0.7333333333333333
2022-04-20 10:17,2022-04-20 10:17,1003.13,1,39.5,0.7333333333333333
2022-04-20 10:18,2022-04-20 10:18,1002.77,0,39.5,0.7458333333333333
2022-04-20 10:19,2022-04-20 10:19,1000.76,-1,39.5,0.725
2022-04-20 10:20,2022-04-20 10:20,1001.37,1,39.5,0.7427385892116183
2022-04-20 10:21,2022-04-20 10:21,1002.17,1,39.5,0.7468879668049793
2022-04-20 10:22,2022-04-20 10:22,1001.45,-1,39.5,0.7427385892116183
2022-04-20 10:23,2022-04-20 10:23,1001.66,0,39.5,0.7385892116182573
2022-04-20 10:24,2022-04-20 10:24,996.08,0,39.5,0.7510373443983402
2022-04-20 10:25,2022-04-20 10:25,991.88,-1,39.5,0.7479338842975206
2022-04-20 10:26,2022-04-20 10:26,995.52,-1,39.5,0.7479338842975206
2022-04-20 10:27,2022-04-20 10:27,998.0,-1,39.5,0.7396694214876033
2022-04-20 10:28,2022-04-20 10:28,997.99,1,39.5,0.7479338842975206
2022-04-20 10:29,2022-04-20 10:29,997.0,0,39.5,0.7644628099173554
2022-04-20 10:30,2022-04-20 10:30,995.5,1,39.5,0.7654320987654321
2022-04-20 10:31,2022-04-20 10:31,993.71,-1,39.5,0.7613168724279835
2022-04-20 10:32,2022-04-20 10:32,995.95,0,39.5,0.7654320987654321
2022-04-20 10:33,2022-04-20 10:33,995.45,0,39.5,0.7654320987654321
2022-04-20 10:34,2022-04-20 10:34,998.0,1,39.5,0.7613168724279835
2022-04-20 10:35,2022-04-20 10:35,1000.45,0,39.5,0.7663934426229508
2022-04-20 10:36,2022-04-20 10:36,999.38,0,39.5,0.7622950819672131
2022-04-20 10:37,2022-04-20 10:37,998.55,1,39.5,0.7581967213114754
2022-04-20 10:38,2022-04-20 10:38,999.64,0,39.5,0.7622950819672131
2022-04-20 10:39,2022-04-20 10:39,998.15,0,39.5,0.7704918032786885
2022-04-20 10:40,2022-04-20 10:40,999.95,0,39.5,0.7673469387755102
2022-04-20 10:41,2022-04-20 10:41,1000.8,1,39.5,0.7673469387755102
2022-04-20 10:42,2022-04-20 10:42,1001.67,0,39.5,0.7755102040816326
2022-04-20 10:43,2022-04-20 10:43,1000.14,0,39.5,0.7795918367346939
2022-04-20 10:44,2022-04-20 10:44,1001.99,0,39.5,0.7346938775510204
2022-04-20 10:45,2022-04-20 10:45,1002.36,0,39.5,0.7764227642276422
2022-04-20 10:46,2022-04-20 10:46,1004.19,0,39.5,0.7682926829268293
2022-04-20 10:47,2022-04-20 10:47,1003.15,1,39.5,0.7682926829268293
2022-04-20 10:48,2022-04-20 10:48,1001.5,0,39.5,0.7723577235772358
2022-04-20 10:49,2022-04-20 10:49,1004.72,0,39.5,0.7723577235772358
2022-04-20 10:50,2022-04-20 10:50,1004.99,0,39.5,0.7732793522267206
2022-04-20 10:51,2022-04-20 10:51,1005.5,0,39.5,0.7692307692307693
2022-04-20 10:52,2022-04-20 10:52,1006.46,1,39.5,0.7651821862348178
2022-04-20 10:53,2022-04-20 10:53,1006.56,-1,39.5,0.7125506072874493
2022-04-20 10:54,2022-04-20 10:54,1005.85,0,39.5,0.7692307692307693
2022-04-20 10:55,2022-04-20 10:55,1005.97,0,39.5,0.7701612903225806
2022-04-20 10:56,2022-04-20 10:56,1004.61,0,39.5,0.7661290322580645
2022-04-20 10:57,2022-04-20 10:57,1003.21,0,39.5,0.7661290322580645
2022-04-20 10:58,2022-04-20 10:58,1003.78,0,39.5,0.7661290322580645
2022-04-20 10:59,2022-04-20 10:59,1004.14,-1,39.5,0.7661290322580645
2022-04-20 11:00,2022-04-20 11:00,1002.2,1,39.5,0.7670682730923695
2022-04-20 11:01,2022-04-20 11:01,999.73,-1,39.5,0.7791164658634538
2022-04-20 11:02,2022-04-20 11:02,1000.67,1,39.5,0.7751004016064257
2022-04-20 11:03,2022-04-20 11:03,1002.15,0,39.5,0.7831325301204819
2022-04-20 11:04,2022-04-20 11:04,1002.75,1,39.5,0.7751004016064257
2022-04-20 11:05,2022-04-20 11:05,1002.0,0,39.5,0.7879999999999999
2022-04-20 11:06,2022-04-20 11:06,1002.91,1,39.5,0.7759999999999999
2022-04-20 11:07,2022-04-20 11:07,1001.47,0,39.5,0.7759999999999999
2022-04-20 11:08,2022-04-20 11:08,1001.57,1,39.5,0.78
2022-04-20 11:09,2022-04-20 11:09,1001.14,0,39.5,0.7759999999999999
2022-04-20 11:10,2022-04-20 11:10,1001.77,-1,39.5,0.7649402390438247
2022-04-20 11:11,2022-04-20 11:11,1001.25,0,39.5,0.7729083665338645
2022-04-20 11:12,2022-04-20 11:12,999.64,0,39.5,0.7689243027888446
2022-04-20 11:13,2022-04-20 11:13,998.73,1,39.5,0.7808764940239044
2022-04-20 11:14,2022-04-20 11:14,999.01,1,39.5,0.7768924302788844
2022-04-20 11:15,2022-04-20 11:15,999.14,-1,39.5,0.7698412698412699
2022-04-20 11:16,2022-04-20 11:16,998.98,0,39.5,0.7698412698412699
2022-04-20 11:17,2022-04-20 11:17,998.19,0,39.5,0.7658730158730159
2022-04-20 11:18,2022-04-20 11:18,998.38,1,39.5,0.7698412698412699
2022-04-20 11:19,2022-04-20 11:19,997.61,-1,39.5,0.7698412698412699
2022-04-20 11:20,2022-04-20 11:20,996.5,0,39.5,0.7509881422924901
2022-04-20 11:21,2022-04-20 11:21,996.47,0,39.5,0.7747035573122529
2022-04-20 11:22,2022-04-20 11:22,997.98,1,39.5,0.7470355731225297
2022-04-20 11:23,2022-04-20 11:23,997.38,0,39.5,0.7747035573122529
2022-04-20 11:24,2022-04-20 11:24,996.36,0,39.5,0.7747035573122529
2022-04-20 11:25,2022-04-20 11:25,994.8,0,39.5,0.7677165354330708
2022-04-20 11:26,2022-04-20 11:26,994.82,-1,39.5,0.7637795275590551
2022-04-20 11:27,2022-04-20 11:27,995.32,0,39.5,0.7677165354330708
2022-04-20 11:28,2022-04-20 11:28,994.44,0,39.5,0.7637795275590551
2022-04-20 11:29,2022-04-20 11:29,994.58,0,39.5,0.7637795275590551
2022-04-20 11:30,2022-04-20 11:30,995.18,-1,39.5,0.7568627450980392
2022-04-20 11:31,2022-04-20 11:31,996.4,0,39.5,0.7647058823529411
2022-04-20 11:32,2022-04-20 11:32,996.86,0,39.5,0.7686274509803922
2022-04-20 11:33,2022-04-20 11:33,996.97,0,39.5,0.7607843137254902
2022-04-20 11:34,2022-04-20 11:34,995.27,1,39.5,0.7568627450980392
2022-04-20 11:35,2022-04-20 11:35,995.24,-1,39.5,0.75390625
2022-04-20 11:36,2022-04-20 11:36,997.37,0,39.5,0.75390625
2022-04-20 11:37,2022-04-20 11:37,996.36,-1,39.5,0.75390625
2022-04-20 11:38,2022-04-20 11:38,996.8,0,39.5,0.75
2022-04-20 11:39,2022-04-20 11:39,996.16,0,39.5,0.75
2022-04-20 11:40,2022-04-20 11:40,995.57,0,39.5,0.7470817120622568
2022-04-20 11:41,2022-04-20 11:41,996.32,0,39.5,0.7509727626459144
2022-04-20 11:42,2022-04-20 11:42,997.37,1,39.5,0.7431906614785992
2022-04-20 11:43,2022-04-20 11:43,995.1,0,39.5,0.7509727626459144
2022-04-20 11:44,2022-04-20 11:44,994.82,0,39.5,0.7509727626459144
2022-04-20 11:45,2022-04-20 11:45,995.38,0,39.5,0.751937984496124
2022-04-20 11:46,2022-04-20 11:46,997.25,0,39.5,0.7558139534883721
2022-04-20 11:47,2022-04-20 11:47,997.12,0,39.5,0.7558139534883721
2022-04-20 11:48,2022-04-20 11:48,996.22,0,39.5,0.751937984496124
2022-04-20 11:49,2022-04-20 11:49,995.32,1,39.5,0.751937984496124
2022-04-20 11:50,2022-04-20 11:50,994.31,1,39.5,0.752895752895753
2022-04-20 11:51,2022-04-20 11:51,991.83,-1,39.5,0.7606177606177607
2022-04-20 11:52,2022-04-20 11:52,989.66,0,39.5,0.7644787644787645
2022-04-20 11:53,2022-04-20 11:53,988.99,1,39.5,0.7644787644787645
2022-04-20 11:54,2022-04-20 11:54,989.9,-1,39.5,0.7683397683397684
2022-04-20 11:55,2022-04-20 11:55,989.3,1,39.5,0.7653846153846153
2022-04-20 11:56,2022-04-20 11:56,989.36,0,39.5,0.7653846153846153
2022-04-20 11:57,2022-04-20 11:57,990.27,0,39.5,0.7692307692307693
2022-04-20 11:58,2022-04-20 11:58,988.7,-1,39.5,0.7692307692307693
2022-04-20 11:59,2022-04-20 11:59,989.13,0,39.5,0.7730769230769231
2022-04-20 12:00,2022-04-20 12:00,990.18,0,39.5,0.7701149425287356
2022-04-20 12:01,2022-04-20 12:01,988.82,0,39.5,0.7701149425287356
2022-04-20 12:02,2022-04-20 12:02,988.7,0,39.5,0.7701149425287356
2022-04-20 12:03,2022-04-20 12:03,988.97,0,39.5,0.7662835249042146
2022-04-20 12:04,2022-04-20 12:04,989.01,0,39.5,0.7662835249042146
2022-04-20 12:05,2022-04-20 12:05,988.93,0,39.5,0.7671755725190841
2022-04-20 12:06,2022-04-20 12:06,987.89,0,39.5,0.7709923664122137
2022-04-20 12:07,2022-04-20 12:07,987.38,0,39.5,0.7709923664122137
2022-04-20 12:08,2022-04-20 12:08,987.14,0,39.5,0.7671755725190841
2022-04-20 12:09,2022-04-20 12:09,984.0,-1,39.5,0.7633587786259542
2022-04-20 12:10,2022-04-20 12:10,983.69,0,39.5,0.7642585551330798
2022-04-20 12:11,2022-04-20 12:11,982.82,-1,39.5,0.7642585551330798
2022-04-20 12:12,2022-04-20 12:12,982.22,-1,39.5,0.7642585551330798
2022-04-20 12:13,2022-04-20 12:13,981.96,0,39.5,0.7642585551330798
2022-04-20 12:14,2022-04-20 12:14,982.64,1,39.5,0.752851711026616
2022-04-20 12:15,2022-04-20 12:15,981.38,-1,39.5,0.7537878787878788
2022-04-20 12:16,2022-04-20 12:16,982.21,0,39.5,0.7575757575757576
2022-04-20 12:17,2022-04-20 12:17,981.71,0,39.5,0.7689393939393939
2022-04-20 12:18,2022-04-20 12:18,982.5,0,39.5,0.7651515151515151
2022-04-20 12:19,2022-04-20 12:19,983.12,1,39.5,0.7613636363636364
2022-04-20 12:20,2022-04-20 12:20,982.71,0,39.5,0.7660377358490567
2022-04-20 12:21,2022-04-20 12:21,981.37,1,39.5,0.7660377358490567
2022-04-20 12:22,2022-04-20 12:22,980.85,1,39.5,0.7660377358490567
2022-04-20 12:23,2022-04-20 12:23,980.87,0,39.5,0.7660377358490567
2022-04-20 12:24,2022-04-20 12:24,980.35,-1,39.5,0.7584905660377359
2022-04-20 12:25,2022-04-20 12:25,979.38,0,39.5,0.7706766917293233
2022-04-20 12:26,2022-04-20 12:26,981.75,1,39.5,0.7631578947368421
2022-04-20 12:27,2022-04-20 12:27,980.15,0,39.5,0.7706766917293233
2022-04-20 12:28,2022-04-20 12:28,979.0,0,39.5,0.7669172932330827
2022-04-20 12:29,2022-04-20 12:29,979.45,1,39.5,0.7593984962406015
2022-04-20 12:30,2022-04-20 12:30,980.18,0,39.5,0.7640449438202247
2022-04-20 12:31,2022-04-20 12:31,981.5,0,39.5,0.7602996254681648
2022-04-20 12:32,2022-04-20 12:32,982.17,1,39.5,0.7565543071161048
2022-04-20 12:33,2022-04-20 12:33,985.23,0,39.5,0.7602996254681648
2022-04-20 12:34,2022-04-20 12:34,984.27,-1,39.5,0.7528089887640449
2022-04-20 12:35,2022-04-20 12:35,983.99,-1,39.5,0.753731343283582
2022-04-20 12:36,2022-04-20 12:36,982.81,-1,39.5,0.7574626865671642
2022-04-20 12:37,2022-04-20 12:37,985.79,-1,39.5,0.753731343283582
2022-04-20 12:38,2022-04-20 12:38,986.48,1,39.5,0.75
2022-04-20 12:39,2022-04-20 12:39,984.27,0,39.5,0.7574626865671642
2022-04-20 12:40,2022-04-20 12:40,984.56,0,39.5,0.7509293680297398
2022-04-20 12:41,2022-04-20 12:41,984.09,-1,39.5,0.7434944237918215
2022-04-20 12:42,2022-04-20 12:42,984.3,0,39.5,0.7546468401486989
2022-04-20 12:43,2022-04-20 12:43,986.64,0,39.5,0.7509293680297398
2022-04-20 12:44,2022-04-20 12:44,985.35,0,39.5,0.7546468401486989
2022-04-20 12:45,2022-04-20 12:45,986.26,0,39.5,0.7592592592592593
2022-04-20 12:46,2022-04-20 12:46,987.07,0,39.5,0.7592592592592593
2022-04-20 12:47,2022-04-20 12:47,986.43,0,39.5,0.7074074074074074
2022-04-20 12:48,2022-04-20 12:48,985.33,0,39.5,0.7481481481481481
2022-04-20 12:49,2022-04-20 12:49,985.82,0,39.5,0.7518518518518519
2022-04-20 12:50,2022-04-20 12:50,986.22,0,39.5,0.7527675276752768
2022-04-20 12:51,2022-04-20 12:51,987.25,0,39.5,0.7564575645756457
2022-04-20 12:52,2022-04-20 12:52,986.83,0,39.5,0.7564575645756457
2022-04-20 12:53,2022-04-20 12:53,987.7,0,39.5,0.7490774907749077
2022-04-20 12:54,2022-04-20 12:54,987.32,0,39.5,0.7527675276752768
2022-04-20 12:55,2022-04-20 12:55,987.15,0,39.5,0.7536764705882353
2022-04-20 12:56,2022-04-20 12:56,989.56,0,39.5,0.75
2022-04-20 12:57,2022-04-20 12:57,987.99,-1,39.5,0.7389705882352942
2022-04-20 12:58,2022-04-20 12:58,987.74,0,39.5,0.7536764705882353
2022-04-20 12:59,2022-04-20 12:59,986.65,0,39.5,0.7463235294117647
2022-04-20 13:00,2022-04-20 13:00,986.85,0,39.5,0.7472527472527473
2022-04-20 13:01,2022-04-20 13:01,985.89,-1,39.5,0.7472527472527473
2022-04-20 13:02,2022-04-20 13:02,987.0,-1,39.5,0.7509157509157509
2022-04-20 13:03,2022-04-20 13:03,986.38,1,39.5,0.7472527472527473
2022-04-20 13:04,2022-04-20 13:04,988.58,1,39.5,0.7472527472527473
2022-04-20 13:05,2022-04-20 13:05,988.35,0,39.5,0.7481751824817519
2022-04-20 13:06,2022-04-20 13:06,986.62,1,39.5,0.7518248175182481
2022-04-20 13:07,2022-04-20 13:07,986.1,-1,39.5,0.7481751824817519
2022-04-20 13:08,2022-04-20 13:08,985.31,0,39.5,0.7518248175182481
2022-04-20 13:09,2022-04-20 13:09,985.15,-1,39.5,0.7481751824817519
2022-04-20 13:10,2022-04-20 13:10,985.0,0,39.5,0.7490909090909091
2022-04-20 13:11,2022-04-20 13:11,985.02,0,39.5,0.7454545454545455
2022-04-20 13:12,2022-04-20 13:12,986.83,1,39.5,0.7381818181818182
2022-04-20 13:13,2022-04-20 13:13,989.5,0,39.5,0.7454545454545455
2022-04-20 13:14,2022-04-20 13:14,989.42,1,39.5,0.7418181818181818
2022-04-20 13:15,2022-04-20 13:15,988.75,-1,39.5,0.7391304347826086
2022-04-20 13:16,2022-04-20 13:16,990.4,0,39.5,0.75
2022-04-20 13:17,2022-04-20 13:17,989.56,-1,39.5,0.7391304347826086
2022-04-20 13:18,2022-04-20 13:18,987.27,-1,39.5,0.7536231884057971
2022-04-20 13:19,2022-04-20 13:19,985.23,1,39.5,0.7463768115942029
2022-04-20 13:20,2022-04-20 13:20,985.64,-1,39.5,0.7364620938628159
2022-04-20 13:21,2022-04-20 13:21,985.69,-1,39.5,0.7509025270758123
2022-04-20 13:22,2022-04-20 13:22,987.0,0,39.5,0.7364620938628159
2022-04-20 13:23,2022-04-20 13:23,987.99,1,39.5,0.7292418772563177
2022-04-20 13:24,2022-04-20 13:24,986.74,0,39.5,0.7328519855595668
2022-04-20 13:25,2022-04-20 13:25,986.57,1,39.5,0.7302158273381295
2022-04-20 13:26,2022-04-20 13:26,985.18,-1,39.5,0.7302158273381295
2022-04-20 13:27,2022-04-20 13:27,985.42,0,39.5,0.7410071942446043
2022-04-20 13:28,2022-04-20 13:28,985.45,0,39.5,0.7482014388489209
2022-04-20 13:29,2022-04-20 13:29,986.03,1,39.5,0.7338129496402878
2022-04-20 13:30,2022-04-20 13:30,986.6,0,39.5,0.7455197132616488
2022-04-20 13:31,2022-04-20 13:31,986.5,0,39.5,0.7383512544802867
2022-04-20 13:32,2022-04-20 13:32,986.32,-1,39.5,0.7275985663082437
2022-04-20 13:33,2022-04-20 13:33,985.73,-1,39.5,0.7311827956989247
2022-04-20 13:34,2022-04-20 13:34,985.93,-1,39.5,0.7311827956989247
2022-04-20 13:35,2022-04-20 13:35,987.25,0,39.5,0.7392857142857143
2022-04-20 13:36,2022-04-20 13:36,988.53,0,39.5,0.7357142857142858
2022-04-20 13:37,2022-04-20 13:37,988.41,0,39.5,0.7392857142857143
2022-04-20 13:38,2022-04-20 13:38,988.89,0,39.5,0.7392857142857143
2022-04-20 13:39,2022-04-20 13:39,988.43,0,39.5,0.7428571428571429
2022-04-20 13:40,2022-04-20 13:40,988.77,1,39.5,0.7330960854092526
2022-04-20 13:41,2022-04-20 13:41,988.27,0,39.5,0.7402135231316725
2022-04-20 13:42,2022-04-20 13:42,988.22,0,39.5,0.7295373665480427
2022-04-20 13:43,2022-04-20 13:43,989.3,0,39.5,0.7366548042704626
2022-04-20 13:44,2022-04-20 13:44,990.27,0,39.5,0.7366548042704626
2022-04-20 13:45,2022-04-20 13:45,990.0,-1,39.5,0.7269503546099291
2022-04-20 13:46,2022-04-20 13:46,989.08,0,39.5,0.7340425531914894
2022-04-20 13:47,2022-04-20 13:47,990.36,0,39.5,0.7304964539007093
2022-04-20 13:48,2022-04-20 13:48,989.62,-1,39.5,0.7304964539007093
2022-04-20 13:49,2022-04-20 13:49,988.47,-1,39.5,0.7411347517730497
2022-04-20 13:50,2022-04-20 13:50,986.12,0,39.5,0.7420494699646644
2022-04-20 13:51,2022-04-20 13:51,986.24,-1,39.5,0.7385159010600707
2022-04-20 13:52,2022-04-20 13:52,986.0,1,39.5,0.7420494699646644
2022-04-20 13:53,2022-04-20 13:53,985.75,0,39.5,0.7455830388692579
2022-04-20 13:54,2022-04-20 13:54,985.58,0,39.5,0.7455830388692579
2022-04-20 13:55,2022-04-20 13:55,985.3,0,39.5,0.7605633802816901
2022-04-20 13:56,2022-04-20 13:56,985.53,0,39.5,0.7464788732394366
2022-04-20 13:57,2022-04-20 13:57,986.12,0,39.5,0.7464788732394366
2022-04-20 13:58,2022-04-20 13:58,987.09,1,39.5,0.7464788732394366
2022-04-20 13:59,2022-04-20 13:59,988.43,0,39.5,0.7429577464788732
2022-04-20 14:00,2022-04-20 14:00,988.51,0,39.5,0.7473684210526316
2022-04-20 14:01,2022-04-20 14:01,988.41,1,39.5,0.7403508771929824
2022-04-20 14:02,2022-04-20 14:02,990.99,0,39.5,0.7438596491228069
2022-04-20 14:03,2022-04-20 14:03,989.24,1,39.5,0.7473684210526316
2022-04-20 14:04,2022-04-20 14:04,989.34,0,39.5,0.7438596491228069
2022-04-20 14:05,2022-04-20 14:05,989.57,0,39.5,0.7412587412587412
2022-04-20 14:06,2022-04-20 14:06,989.87,-1,39.5,0.7342657342657343
2022-04-20 14:07,2022-04-20 14:07,986.25,-1,39.5,0.7342657342657343
2022-04-20 14:08,2022-04-20 14:08,986.63,0,39.5,0.7377622377622378
2022-04-20 14:09,2022-04-20 14:09,986.73,0,39.5,0.7307692307692307
2022-04-20 14:10,2022-04-20 14:10,985.98,-1,39.5,0.735191637630662
2022-04-20 14:11,2022-04-20 14:11,985.79,0,39.5,0.7317073170731707
2022-04-20 14:12,2022-04-20 14:12,986.48,0,39.5,0.7282229965156795
2022-04-20 14:13,2022-04-20 14:13,985.88,0,39.5,0.7386759581881533
2022-04-20 14:14,2022-04-20 14:14,985.85,0,39.5,0.7317073170731707
2022-04-20 14:15,2022-04-20 14:15,986.15,1,39.5,0.7222222222222222
2022-04-20 14:16,2022-04-20 14:16,986.71,1,39.5,0.7326388888888888
2022-04-20 14:17,2022-04-20 14:17,985.48,0,39.5,0.7222222222222222
2022-04-20 14:18,2022-04-20 14:18,985.89,0,39.5,0.71875
2022-04-20 14:19,2022-04-20 14:19,985.59,1,39.5,0.7222222222222222
2022-04-20 14:20,2022-04-20 14:20,985.39,0,39.5,0.726643598615917
2022-04-20 14:21,2022-04-20 14:21,984.93,0,39.5,0.7301038062283737
2022-04-20 14:22,2022-04-20 14:22,985.13,0,39.5,0.726643598615917
2022-04-20 14:23,2022-04-20 14:23,984.97,0,39.5,0.726643598615917
2022-04-20 14:24,2022-04-20 14:24,985.39,1,39.5,0.7197231833910035
2022-04-20 14:25,2022-04-20 14:25,985.68,0,39.5,0.7241379310344828
2022-04-20 14:26,2022-04-20 14:26,984.99,0,39.5,0.7241379310344828
2022-04-20 14:27,2022-04-20 14:27,985.55,1,39.5,0.7241379310344828
2022-04-20 14:28,2022-04-20 14:28,985.4,1,39.5,0.7275862068965517
2022-04-20 14:29,2022-04-20 14:29,985.54,0,39.5,0.7310344827586207
2022-04-20 14:30,2022-04-20 14:30,985.26,-1,39.5,0.7250859106529209
2022-04-20 14:31,2022-04-20 14:31,986.49,0,39.5,0.7319587628865979
2022-04-20 14:32,2022-04-20 14:32,986.8,0,39.5,0.7285223367697594
2022-04-20 14:33,2022-04-20 14:33,986.89,0,39.5,0.7388316151202751
2022-04-20 14:34,2022-04-20 14:34,987.34,0,39.5,0.7285223367697594
2022-04-20 14:35,2022-04-20 14:35,987.22,0,39.5,0.7294520547945206
2022-04-20 14:36,2022-04-20 14:36,985.14,0,39.5,0.7363013698630136
2022-04-20 14:37,2022-04-20 14:37,983.78,1,39.5,0.7328767123287672
2022-04-20 14:38,2022-04-20 14:38,983.65,-1,39.5,0.7294520547945206
2022-04-20 14:39,2022-04-20 14:39,982.9,0,39.5,0.7328767123287672
2022-04-20 14:40,2022-04-20 14:40,982.9,1,39.5,0.7303754266211604
2022-04-20 14:41,2022-04-20 14:41,982.32,1,39.5,0.726962457337884
2022-04-20 14:42,2022-04-20 14:42,982.26,0,39.5,0.7303754266211604
2022-04-20 14:43,2022-04-20 14:43,982.83,0,39.5,0.7508532423208191
2022-04-20 14:44,2022-04-20 14:44,982.74,0,39.5,0.726962457337884
2022-04-20 14:45,2022-04-20 14:45,982.79,0,39.5,0.7482993197278912
2022-04-20 14:46,2022-04-20 14:46,982.51,0,39.5,0.7312925170068028
2022-04-20 14:47,2022-04-20 14:47,982.69,1,39.5,0.7278911564625851
2022-04-20 14:48,2022-04-20 14:48,983.0,0,39.5,0.7312925170068028
2022-04-20 14:49,2022-04-20 14:49,983.54,0,39.5,0.7312925170068028
2022-04-20 14:50,2022-04-20 14:50,982.94,0,39.5,0.7322033898305085
2022-04-20 14:51,2022-04-20 14:51,981.95,1,39.5,0.7355932203389829
2022-04-20 14:52,2022-04-20 14:52,980.3,-1,39.5,0.7355932203389829
2022-04-20 14:53,2022-04-20 14:53,979.83,0,39.5,0.7491525423728813
2022-04-20 14:54,2022-04-20 14:54,979.36,0,39.5,0.7559322033898305
2022-04-20 14:55,2022-04-20 14:55,977.58,1,39.5,0.75
2022-04-20 14:56,2022-04-20 14:56,977.96,0,39.5,0.7601351351351351
2022-04-20 14:57,2022-04-20 14:57,977.7,0,39.5,0.7601351351351351
2022-04-20 14:58,2022-04-20 14:58,978.45,-1,39.5,0.7567567567567568
2022-04-20 14:59,2022-04-20 14:59,978.31,0,39.5,0.7601351351351351
2022-04-20 15:00,2022-04-20 15:00,978.33,0,39.5,0.7575757575757576
2022-04-20 15:01,2022-04-20 15:01,981.61,0,39.5,0.7643097643097643
2022-04-20 15:02,2022-04-20 15:02,981.54,1,39.5,0.7609427609427609
2022-04-20 15:03,2022-04-20 15:03,981.8,0,39.5,0.7643097643097643
2022-04-20 15:04,2022-04-20 15:04,981.44,0,39.5,0.7643097643097643
2022-04-20 15:05,2022-04-20 15:05,981.3,0,39.5,0.7684563758389261
2022-04-20 15:06,2022-04-20 15:06,979.62,-1,39.5,0.7651006711409396
2022-04-20 15:07,2022-04-20 15:07,979.78,-1,39.5,0.7617449664429531
2022-04-20 15:08,2022-04-20 15:08,979.71,0,39.5,0.7751677852348994
2022-04-20 15:09,2022-04-20 15:09,980.36,0,39.5,0.7818791946308725
2022-04-20 15:10,2022-04-20 15:10,981.4,0,39.5,0.7792642140468228
2022-04-20 15:11,2022-04-20 15:11,979.53,0,39.5,0.7725752508361204
2022-04-20 15:12,2022-04-20 15:12,980.26,0,39.5,0.7826086956521741
2022-04-20 15:13,2022-04-20 15:13,981.4,0,39.5,0.7826086956521741
2022-04-20 15:14,2022-04-20 15:14,982.82,-1,39.5,0.7792642140468228
2022-04-20 15:15,2022-04-20 15:15,982.39,0,39.5,0.7833333333333333
2022-04-20 15:16,2022-04-20 15:16,982.19,0,39.5,0.78
2022-04-20 15:17,2022-04-20 15:17,983.67,0,39.5,0.7766666666666666
2022-04-20 15:18,2022-04-20 15:18,982.44,-1,39.5,0.7766666666666666
2022-04-20 15:19,2022-04-20 15:19,983.57,0,39.5,0.78
2022-04-20 15:20,2022-04-20 15:20,982.41,0,39.5,0.7807308970099668
2022-04-20 15:21,2022-04-20 15:21,982.36,1,39.5,0.7774086378737541
2022-04-20 15:22,2022-04-20 15:22,981.62,0,39.5,0.7840531561461794
2022-04-20 15:23,2022-04-20 15:23,980.0,0,39.5,0.7707641196013291
2022-04-20 15:24,2022-04-20 15:24,981.55,0,39.5,0.7740863787375415
2022-04-20 15:25,2022-04-20 15:25,983.8,1,39.5,0.7715231788079471
2022-04-20 15:26,2022-04-20 15:26,984.23,0,39.5,0.7748344370860927
2022-04-20 15:27,2022-04-20 15:27,983.04,0,39.5,0.7847682119205298
2022-04-20 15:28,2022-04-20 15:28,980.9,0,39.5,0.7748344370860927
2022-04-20 15:29,2022-04-20 15:29,980.8,-1,39.5,0.7715231788079471
2022-04-20 15:30,2022-04-20 15:30,981.7,1,39.5,0.7722772277227723
2022-04-20 15:31,2022-04-20 15:31,981.55,0,39.5,0.7755775577557755
2022-04-20 15:32,2022-04-20 15:32,981.61,0,39.5,0.7755775577557755
2022-04-20 15:33,2022-04-20 15:33,980.15,0,39.5,0.7755775577557755
2022-04-20 15:34,2022-04-20 15:34,979.98,-1,39.5,0.7920792079207921
2022-04-20 15:35,2022-04-20 15:35,980.0,1,39.5,0.7828947368421053
2022-04-20 15:36,2022-04-20 15:36,980.4,0,39.5,0.7730263157894737
2022-04-20 15:37,2022-04-20 15:37,981.88,0,39.5,0.7730263157894737
2022-04-20 15:38,2022-04-20 15:38,980.92,0,39.5,0.7730263157894737
2022-04-20 15:39,2022-04-20 15:39,982.3,1,39.5,0.7730263157894737
2022-04-20 15:40,2022-04-20 15:40,981.2,1,39.5,0.7704918032786885
2022-04-20 15:41,2022-04-20 15:41,981.45,0,39.5,0.7704918032786885
2022-04-20 15:42,2022-04-20 15:42,983.63,0,39.5,0.7737704918032787
2022-04-20 15:43,2022-04-20 15:43,983.3,0,39.5,0.7540983606557377
2022-04-20 15:44,2022-04-20 15:44,983.17,0,39.5,0.7737704918032787
2022-04-20 15:45,2022-04-20 15:45,984.69,0,39.5,0.7745098039215687
2022-04-20 15:46,2022-04-20 15:46,984.25,1,39.5,0.7647058823529411
2022-04-20 15:47,2022-04-20 15:47,985.0,0,39.5,0.7712418300653595
2022-04-20 15:48,2022-04-20 15:48,985.52,0,39.5,0.7745098039215687
2022-04-20 15:49,2022-04-20 15:49,984.5,0,39.5,0.7679738562091504
2022-04-20 15:50,2022-04-20 15:50,982.38,-1,39.5,0.7654723127035831
2022-04-20 15:51,2022-04-20 15:51,980.66,1,39.5,0.7654723127035831
2022-04-20 15:52,2022-04-20 15:52,980.61,-1,39.5,0.7654723127035831
2022-04-20 15:53,2022-04-20 15:53,980.9,1,39.5,0.7687296416938111
2022-04-20 15:54,2022-04-20 15:54,980.22,0,39.5,0.7719869706840391
2022-04-20 15:55,2022-04-20 15:55,978.98,0,39.5,0.7727272727272727
2022-04-20 15:56,2022-04-20 15:56,977.96,0,39.5,0.7792207792207793
2022-04-20 15:57,2022-04-20 15:57,977.85,0,39.5,0.7305194805194806
2022-04-20 15:58,2022-04-20 15:58,977.08,-1,39.5,0.7694805194805194
2022-04-20 15:59,2022-04-20 15:59,975.99,0,39.5,0.7792207792207793
